"LinkIndec","Provincia","Partido","Localidad","Velocidad","Accesos"
"54119060","MISIONES","25 de Mayo","25 de Mayo","0","538"
"54119060","MISIONES","25 de Mayo","25 de Mayo","0,51","2"
"54119060","MISIONES","25 de Mayo","25 de Mayo","226,5","67"
"54119010","MISIONES","25 de Mayo","Alba Posse","10","36"
"54119010","MISIONES","25 de Mayo","Alba Posse","20","4"
"54119010","MISIONES","25 de Mayo","Alba Posse","226,5","14"
"54119025","MISIONES","25 de Mayo","Alicia Baja","10","78"
"54119025","MISIONES","25 de Mayo","Alicia Baja","226,5","3"
"54119020","MISIONES","25 de Mayo","Colonia Alicia","0","20"
"54119020","MISIONES","25 de Mayo","Colonia Alicia","10","96"
"54119020","MISIONES","25 de Mayo","Colonia Alicia","226,5","16"
"54119030","MISIONES","25 de Mayo","Colonia Aurora","0","10"
"54119030","MISIONES","25 de Mayo","Colonia Aurora","0,5","1"
"54119030","MISIONES","25 de Mayo","Colonia Aurora","10","164"
"54119030","MISIONES","25 de Mayo","Colonia Aurora","226,5","42"
"0","MISIONES","25 de Mayo","Otros","226,5","33"
"54119040","MISIONES","25 de Mayo","San Francisco de Asís","0","40"
"54119040","MISIONES","25 de Mayo","San Francisco de Asís","10","37"
"54119040","MISIONES","25 de Mayo","San Francisco de Asís","20","3"
"54119040","MISIONES","25 de Mayo","San Francisco de Asís","226,5","29"
"54119050","MISIONES","25 de Mayo","Santa Rita","0","150"
"54119050","MISIONES","25 de Mayo","Santa Rita","0,5","1"
"54119050","MISIONES","25 de Mayo","Santa Rita","10","75"
"54119050","MISIONES","25 de Mayo","Santa Rita","20","5"
"54119050","MISIONES","25 de Mayo","Santa Rita","226,5","30"
"54007010","MISIONES","Apóstoles","Apóstoles","1","126"
"54007010","MISIONES","Apóstoles","Apóstoles","2","3.530"
"54007010","MISIONES","Apóstoles","Apóstoles","3","130"
"54007010","MISIONES","Apóstoles","Apóstoles","0,5","1"
"54007010","MISIONES","Apóstoles","Apóstoles","6","221"
"54007010","MISIONES","Apóstoles","Apóstoles","10","486"
"54007010","MISIONES","Apóstoles","Apóstoles","15","193"
"54007010","MISIONES","Apóstoles","Apóstoles","20","6"
"54007010","MISIONES","Apóstoles","Apóstoles","25","56"
"54007010","MISIONES","Apóstoles","Apóstoles","30","4"
"54007010","MISIONES","Apóstoles","Apóstoles","50","25"
"54007010","MISIONES","Apóstoles","Apóstoles","100","11"
"54007010","MISIONES","Apóstoles","Apóstoles","226,5","149"
"54007020","MISIONES","Apóstoles","Azara","1","124"
"54007020","MISIONES","Apóstoles","Azara","2","24"
"54007020","MISIONES","Apóstoles","Azara","3","8"
"54007020","MISIONES","Apóstoles","Azara","0,5","1"
"54007020","MISIONES","Apóstoles","Azara","10","23"
"54007020","MISIONES","Apóstoles","Azara","15","5"
"54007020","MISIONES","Apóstoles","Azara","25","1"
"54007020","MISIONES","Apóstoles","Azara","226,5","31"
"54007025","MISIONES","Apóstoles","Barrio Rural","226,5","6"
"54007030","MISIONES","Apóstoles","Estación Apóstoles","226,5","6"
"0","MISIONES","Apóstoles","Otros","226,5","8"
"54007040","MISIONES","Apóstoles","Pindapoy","226,5","15"
"54007050","MISIONES","Apóstoles","Rincón de Azara","226,5","2"
"54007060","MISIONES","Apóstoles","San José","1","423"
"54007060","MISIONES","Apóstoles","San José","6","5"
"54007060","MISIONES","Apóstoles","San José","10","75"
"54007060","MISIONES","Apóstoles","San José","15","9"
"54007060","MISIONES","Apóstoles","San José","20","1"
"54007060","MISIONES","Apóstoles","San José","25","8"
"54007060","MISIONES","Apóstoles","San José","30","1"
"54007060","MISIONES","Apóstoles","San José","226,5","23"
"54007070","MISIONES","Apóstoles","Tres Capones","226,5","27"
"54014060","MISIONES","Cainguás","1º de Mayo","226,5","3"
"54014010","MISIONES","Cainguás","Aristóbulo del Valle","1","466"
"54014010","MISIONES","Cainguás","Aristóbulo del Valle","2","364"
"54014010","MISIONES","Cainguás","Aristóbulo del Valle","0,5","2"
"54014010","MISIONES","Cainguás","Aristóbulo del Valle","5","308"
"54014010","MISIONES","Cainguás","Aristóbulo del Valle","6","53"
"54014010","MISIONES","Cainguás","Aristóbulo del Valle","10","1.201"
"54014010","MISIONES","Cainguás","Aristóbulo del Valle","20","123"
"54014010","MISIONES","Cainguás","Aristóbulo del Valle","30","6"
"54014010","MISIONES","Cainguás","Aristóbulo del Valle","226,5","84"
"54014020","MISIONES","Cainguás","Campo Grande","0","0"
"54014020","MISIONES","Cainguás","Campo Grande","0,5","1"
"54014020","MISIONES","Cainguás","Campo Grande","6","1"
"54014020","MISIONES","Cainguás","Campo Grande","10","867"
"54014020","MISIONES","Cainguás","Campo Grande","20","2"
"54014020","MISIONES","Cainguás","Campo Grande","30","415"
"54014020","MISIONES","Cainguás","Campo Grande","50","367"
"54014020","MISIONES","Cainguás","Campo Grande","226,5","20"
"54014030","MISIONES","Cainguás","Dos de Mayo Núcleo I","0","32"
"54014030","MISIONES","Cainguás","Dos de Mayo Núcleo I","1","1"
"54014030","MISIONES","Cainguás","Dos de Mayo Núcleo I","3","304"
"54014030","MISIONES","Cainguás","Dos de Mayo Núcleo I","4","1.197"
"54014030","MISIONES","Cainguás","Dos de Mayo Núcleo I","5","21"
"54014030","MISIONES","Cainguás","Dos de Mayo Núcleo I","6","8"
"54014030","MISIONES","Cainguás","Dos de Mayo Núcleo I","10","1"
"54014030","MISIONES","Cainguás","Dos de Mayo Núcleo I","30","2"
"54014030","MISIONES","Cainguás","Dos de Mayo Núcleo I","226,5","13"
"54014030","MISIONES","Cainguás","Dos de Mayo Núcleo II","226,5","40"
"54014050","MISIONES","Cainguás","Dos de Mayo Núcleo III","10","287"
"54014050","MISIONES","Cainguás","Dos de Mayo Núcleo III","226,5","5"
"54014055","MISIONES","Cainguás","Kilómetro 17","226,5","8"
"54014055","MISIONES","Cainguás","Nucleo I","226,5","1"
"54014055","MISIONES","Cainguás","Nucleo Ii","226,5","3"
"0","MISIONES","Cainguás","OTROS","0,5","6"
"0","MISIONES","Cainguás","Otros","226,5","17"
"54014070","MISIONES","Cainguás","Pueblo Illia","10","83"
"54014070","MISIONES","Cainguás","Pueblo Illia","226,5","5"
"54014080","MISIONES","Cainguás","Salto Encantado","1","4"
"54014080","MISIONES","Cainguás","Salto Encantado","2","12"
"54014080","MISIONES","Cainguás","Salto Encantado","0,5","1"
"54014080","MISIONES","Cainguás","Salto Encantado","5","37"
"54014080","MISIONES","Cainguás","Salto Encantado","10","11"
"54014080","MISIONES","Cainguás","Salto Encantado","226,5","43"
"54021005","MISIONES","Candelaria","Barrio del Lago","226,5","22"
"54021010","MISIONES","Candelaria","Bonpland","6","1"
"54021010","MISIONES","Candelaria","Bonpland","10","17"
"54021010","MISIONES","Candelaria","Bonpland","15","1"
"54021010","MISIONES","Candelaria","Bonpland","20","2"
"54021010","MISIONES","Candelaria","Bonpland","226,5","8"
"54021020","MISIONES","Candelaria","Candelaria","1","1"
"54021020","MISIONES","Candelaria","Candelaria","3","15"
"54021020","MISIONES","Candelaria","Candelaria","0,5","2"
"54021020","MISIONES","Candelaria","Candelaria","6","71"
"54021020","MISIONES","Candelaria","Candelaria","10","296"
"54021020","MISIONES","Candelaria","Candelaria","15","10"
"54021020","MISIONES","Candelaria","Candelaria","20","9"
"54021020","MISIONES","Candelaria","Candelaria","226,5","63"
"54021030","MISIONES","Candelaria","Cerro Corá","226,5","33"
"54021040","MISIONES","Candelaria","Loreto","226,5","27"
"54021050","MISIONES","Candelaria","Mártires","3","8"
"54021050","MISIONES","Candelaria","Mártires","5","8"
"54021050","MISIONES","Candelaria","Mártires","226,5","14"
"54021060","MISIONES","Candelaria","Profundidad","5","3"
"54021060","MISIONES","Candelaria","Profundidad","226,5","18"
"54021070","MISIONES","Candelaria","Puerto Santa Ana","226,5","11"
"54021080","MISIONES","Candelaria","Santa Ana","1","1"
"54021080","MISIONES","Candelaria","Santa Ana","3","1"
"54021080","MISIONES","Candelaria","Santa Ana","6","6"
"54021080","MISIONES","Candelaria","Santa Ana","10","722"
"54021080","MISIONES","Candelaria","Santa Ana","15","5"
"54021080","MISIONES","Candelaria","Santa Ana","226,5","40"
"54028005","MISIONES","Capital","Barrio Nuevo Garupa","226,5","17"
"54028010","MISIONES","Capital","Garupá","0","128"
"54028010","MISIONES","Capital","Garupá","1","5"
"54028010","MISIONES","Capital","Garupá","3","47"
"54028010","MISIONES","Capital","Garupá","6","75"
"54028010","MISIONES","Capital","Garupá","8","7"
"54028010","MISIONES","Capital","Garupá","10","914"
"54028010","MISIONES","Capital","Garupá","15","13"
"54028010","MISIONES","Capital","Garupá","20","31"
"54028010","MISIONES","Capital","Garupá","25","4"
"54028010","MISIONES","Capital","Garupá","200","6.135"
"54028010","MISIONES","Capital","Garupá","300","5.646"
"54028010","MISIONES","Capital","Garupá","226,5","89"
"54028020","MISIONES","Capital","Nemesio Parma","5","1"
"54028020","MISIONES","Capital","Nemesio Parma","226,5","108"
"0","MISIONES","Capital","Otros","226,5","30"
"54028030","MISIONES","Capital","Posadas","0","640"
"54028030","MISIONES","Capital","Posadas","1","86"
"54028030","MISIONES","Capital","Posadas","2","3"
"54028030","MISIONES","Capital","Posadas","3","250"
"54028030","MISIONES","Capital","Posadas","0,5","6"
"54028030","MISIONES","Capital","Posadas","5","3"
"54028030","MISIONES","Capital","Posadas","6","650"
"54028030","MISIONES","Capital","Posadas","8","16"
"54028030","MISIONES","Capital","Posadas","10","719"
"54028030","MISIONES","Capital","Posadas","15","258"
"54028030","MISIONES","Capital","Posadas","20","671"
"54028030","MISIONES","Capital","Posadas","30","223"
"54028030","MISIONES","Capital","Posadas","50","29.521"
"54028030","MISIONES","Capital","Posadas","0,51","2"
"54028030","MISIONES","Capital","Posadas","100","43.606"
"54028030","MISIONES","Capital","Posadas","120","509"
"54028030","MISIONES","Capital","Posadas","150","57"
"54028030","MISIONES","Capital","Posadas","200","1.120"
"54028030","MISIONES","Capital","Posadas","250","218"
"54028030","MISIONES","Capital","Posadas","300","33.224"
"54028030","MISIONES","Capital","Posadas","350","14"
"54028030","MISIONES","Capital","Posadas","500","907"
"54028030","MISIONES","Capital","Posadas","600","2.500"
"54028030","MISIONES","Capital","Posadas","1000","251"
"54028030","MISIONES","Capital","Posadas","226,5","250"
"54028040","MISIONES","Capital","Posadas (Extensión)","226,5","123"
"54035010","MISIONES","Concepción","Barra Concepción","226,5","2"
"54035020","MISIONES","Concepción","Concepción de la Sierra","1","118"
"54035020","MISIONES","Concepción","Concepción de la Sierra","2","483"
"54035020","MISIONES","Concepción","Concepción de la Sierra","3","11"
"54035020","MISIONES","Concepción","Concepción de la Sierra","0,5","1"
"54035020","MISIONES","Concepción","Concepción de la Sierra","6","1"
"54035020","MISIONES","Concepción","Concepción de la Sierra","10","1"
"54035020","MISIONES","Concepción","Concepción de la Sierra","30","1"
"54035020","MISIONES","Concepción","Concepción de la Sierra","226,5","39"
"54035030","MISIONES","Concepción","La Corita","2","12"
"54035030","MISIONES","Concepción","La Corita","226,5","5"
"0","MISIONES","Concepción","Otros","226,5","1"
"54035040","MISIONES","Concepción","Santa María","226,5","12"
"54042040","MISIONES","Eldorado","9 de Julio","226,5","5"
"54042050","MISIONES","Eldorado","9 de Julio Kilómetro 20","226,5","23"
"54042010","MISIONES","Eldorado","Colonia Victoria","15","1"
"54042010","MISIONES","Eldorado","Colonia Victoria","226,5","14"
"54042020","MISIONES","Eldorado","Eldorado","1","37"
"54042020","MISIONES","Eldorado","Eldorado","3","219"
"54042020","MISIONES","Eldorado","Eldorado","0,5","1"
"54042020","MISIONES","Eldorado","Eldorado","6","391"
"54042020","MISIONES","Eldorado","Eldorado","10","1.442"
"54042020","MISIONES","Eldorado","Eldorado","15","62"
"54042020","MISIONES","Eldorado","Eldorado","20","511"
"54042020","MISIONES","Eldorado","Eldorado","30","12"
"54042020","MISIONES","Eldorado","Eldorado","50","3"
"54042020","MISIONES","Eldorado","Eldorado","226,5","488"
"54042030","MISIONES","Eldorado","María Magdalena","226,5","13"
"54042035","MISIONES","Eldorado","Nueva Delicia","226,5","10"
"0","MISIONES","Eldorado","Otros","226,5","4"
"54042055","MISIONES","Eldorado","Pueblo Nuevo","226,5","4"
"54042060","MISIONES","Eldorado","Puerto Mado","226,5","4"
"54042070","MISIONES","Eldorado","Puerto Pinares","226,5","94"
"54042080","MISIONES","Eldorado","Santiago De Liniers","5","1"
"54042080","MISIONES","Eldorado","Santiago de Liniers","226,5","47"
"54042090","MISIONES","Eldorado","Valle Hermoso","226,5","19"
"54042100","MISIONES","Eldorado","Villa Roulet","226,5","28"
"54049010","MISIONES","General Manuel Belgrano","Almirante Brown","226,5","81"
"54049020","MISIONES","General Manuel Belgrano","Bernardo de Irigoyen","0","370"
"54049020","MISIONES","General Manuel Belgrano","Bernardo de Irigoyen","30","1"
"54049020","MISIONES","General Manuel Belgrano","Bernardo de Irigoyen","226,5","38"
"54049025","MISIONES","General Manuel Belgrano","Caburei","226,5","5"
"54049030","MISIONES","General Manuel Belgrano","Dos Hermanas","0","5"
"54049030","MISIONES","General Manuel Belgrano","Dos Hermanas","226,5","9"
"54049040","MISIONES","General Manuel Belgrano","Integración","226,5","3"
"0","MISIONES","General Manuel Belgrano","Otros","226,5","17"
"54049043","MISIONES","General Manuel Belgrano","Piñalito Norte","226,5","39"
"54049045","MISIONES","General Manuel Belgrano","Puerto Andresito","226,5","5"
"54049047","MISIONES","General Manuel Belgrano","Puerto Deseado","226,5","11"
"54049050","MISIONES","General Manuel Belgrano","San Antonio","226,5","13"
"54056010","MISIONES","Guaraní","El Soberbio","0","520"
"54056010","MISIONES","Guaraní","El Soberbio","0,5","1"
"54056010","MISIONES","Guaraní","El Soberbio","10","687"
"54056010","MISIONES","Guaraní","El Soberbio","226,5","134"
"54056020","MISIONES","Guaraní","Fracrán","10","98"
"54056020","MISIONES","Guaraní","Fracrán","226,5","23"
"0","MISIONES","Guaraní","Otros","226,5","132"
"54056030","MISIONES","Guaraní","San Vicente","0","20"
"54056030","MISIONES","Guaraní","San Vicente","10","1.574"
"54056030","MISIONES","Guaraní","San Vicente","30","1.903"
"54056030","MISIONES","Guaraní","San Vicente","50","2.069"
"54056030","MISIONES","Guaraní","San Vicente","226,5","164"
"54063010","MISIONES","Iguazú","Esperanza","1","1.002"
"54063010","MISIONES","Iguazú","Esperanza","2","950"
"54063010","MISIONES","Iguazú","Esperanza","3","15"
"54063010","MISIONES","Iguazú","Esperanza","4","100"
"54063010","MISIONES","Iguazú","Esperanza","5","40"
"54063010","MISIONES","Iguazú","Esperanza","6","119"
"54063010","MISIONES","Iguazú","Esperanza","10","288"
"54063010","MISIONES","Iguazú","Esperanza","15","14"
"54063010","MISIONES","Iguazú","Esperanza","20","8"
"54063010","MISIONES","Iguazú","Esperanza","30","2"
"54063010","MISIONES","Iguazú","Esperanza","226,5","205"
"54063020","MISIONES","Iguazú","Libertad","1","1"
"54063020","MISIONES","Iguazú","Libertad","3","2"
"54063020","MISIONES","Iguazú","Libertad","6","11"
"54063020","MISIONES","Iguazú","Libertad","10","160"
"54063020","MISIONES","Iguazú","Libertad","15","19"
"54063020","MISIONES","Iguazú","Libertad","20","2"
"54063020","MISIONES","Iguazú","Libertad","226,5","75"
"0","MISIONES","Iguazú","Otros","226,5","58"
"54063030","MISIONES","Iguazú","Puerto Iguazú","1","7"
"54063030","MISIONES","Iguazú","Puerto Iguazú","3","32"
"54063030","MISIONES","Iguazú","Puerto Iguazú","0,5","3"
"54063030","MISIONES","Iguazú","Puerto Iguazú","6","26"
"54063030","MISIONES","Iguazú","Puerto Iguazú","10","116"
"54063030","MISIONES","Iguazú","Puerto Iguazú","15","13"
"54063030","MISIONES","Iguazú","Puerto Iguazú","20","2.449"
"54063030","MISIONES","Iguazú","Puerto Iguazú","30","1.126"
"54063030","MISIONES","Iguazú","Puerto Iguazú","40","71"
"54063030","MISIONES","Iguazú","Puerto Iguazú","50","168"
"54063030","MISIONES","Iguazú","Puerto Iguazú","60","19"
"54063030","MISIONES","Iguazú","Puerto Iguazú","100","1.266"
"54063030","MISIONES","Iguazú","Puerto Iguazú","300","3.076"
"54063030","MISIONES","Iguazú","Puerto Iguazú","500","137"
"54063030","MISIONES","Iguazú","Puerto Iguazú","1000","31"
"54063030","MISIONES","Iguazú","Puerto Iguazú","226,5","444"
"54063035","MISIONES","Iguazú","Villa Cooperativa","226,5","2"
"54063040","MISIONES","Iguazú","Wanda","1","1"
"54063040","MISIONES","Iguazú","Wanda","3","10"
"54063040","MISIONES","Iguazú","Wanda","0,5","3"
"54063040","MISIONES","Iguazú","Wanda","6","43"
"54063040","MISIONES","Iguazú","Wanda","10","231"
"54063040","MISIONES","Iguazú","Wanda","15","14"
"54063040","MISIONES","Iguazú","Wanda","20","10"
"54063040","MISIONES","Iguazú","Wanda","30","1"
"54063040","MISIONES","Iguazú","Wanda","226,5","117"
"54070010","MISIONES","Leandro N. Alem","Almafuerte","0","1"
"54070010","MISIONES","Leandro N. Alem","Almafuerte","5","2"
"54070010","MISIONES","Leandro N. Alem","Almafuerte","226,5","10"
"54070020","MISIONES","Leandro N. Alem","Arroyo del Medio","5","2"
"54070020","MISIONES","Leandro N. Alem","Arroyo del Medio","226,5","12"
"54070030","MISIONES","Leandro N. Alem","Caá - Yarí","5","1"
"54070030","MISIONES","Leandro N. Alem","Caá - Yarí","226,5","6"
"54070040","MISIONES","Leandro N. Alem","Cerro Azul","0","15"
"54070040","MISIONES","Leandro N. Alem","Cerro Azul","1","15"
"54070040","MISIONES","Leandro N. Alem","Cerro Azul","2","314"
"54070040","MISIONES","Leandro N. Alem","Cerro Azul","0,5","2"
"54070040","MISIONES","Leandro N. Alem","Cerro Azul","6","100"
"54070040","MISIONES","Leandro N. Alem","Cerro Azul","10","16"
"54070040","MISIONES","Leandro N. Alem","Cerro Azul","20","8"
"54070040","MISIONES","Leandro N. Alem","Cerro Azul","30","2"
"54070040","MISIONES","Leandro N. Alem","Cerro Azul","226,5","56"
"54070050","MISIONES","Leandro N. Alem","Dos Arroyos","30","2"
"54070050","MISIONES","Leandro N. Alem","Dos Arroyos","226,5","16"
"54070060","MISIONES","Leandro N. Alem","Gobernador López","0","20"
"54070060","MISIONES","Leandro N. Alem","Gobernador López","226,5","10"
"54070070","MISIONES","Leandro N. Alem","Leandro N. Alem","0","127"
"54070070","MISIONES","Leandro N. Alem","Leandro N. Alem","1","5"
"54070070","MISIONES","Leandro N. Alem","Leandro N. Alem","2","3.515"
"54070070","MISIONES","Leandro N. Alem","Leandro N. Alem","3","4"
"54070070","MISIONES","Leandro N. Alem","Leandro N. Alem","6","25"
"54070070","MISIONES","Leandro N. Alem","Leandro N. Alem","10","179"
"54070070","MISIONES","Leandro N. Alem","Leandro N. Alem","15","29"
"54070070","MISIONES","Leandro N. Alem","Leandro N. Alem","20","1"
"54070070","MISIONES","Leandro N. Alem","Leandro N. Alem","30","2"
"54070070","MISIONES","Leandro N. Alem","Leandro N. Alem","50","21"
"54070070","MISIONES","Leandro N. Alem","Leandro N. Alem","75","7"
"54070070","MISIONES","Leandro N. Alem","Leandro N. Alem","100","3"
"54070070","MISIONES","Leandro N. Alem","Leandro N. Alem","226,5","55"
"54070080","MISIONES","Leandro N. Alem","Olegario V. Andrade","1","3"
"54070080","MISIONES","Leandro N. Alem","Olegario V. Andrade","6","4"
"54070080","MISIONES","Leandro N. Alem","Olegario V. Andrade","226,5","20"
"0","MISIONES","Leandro N. Alem","Otros","226,5","2"
"54070090","MISIONES","Leandro N. Alem","Villa Libertad (Municipio Caá Yarí)","226,5","1"
"54070090","MISIONES","Leandro N. Alem","Villa Libertad (Municipio Leandro N. Alem)","2","60"
"54077010","MISIONES","Libertador Grl. San Martín","Capioví","1","75"
"54077010","MISIONES","Libertador Grl. San Martín","Capioví","3","151"
"54077010","MISIONES","Libertador Grl. San Martín","Capioví","0,5","1"
"54077010","MISIONES","Libertador Grl. San Martín","Capioví","5","10"
"54077010","MISIONES","Libertador Grl. San Martín","Capioví","6","252"
"54077010","MISIONES","Libertador Grl. San Martín","Capioví","7","544"
"54077010","MISIONES","Libertador Grl. San Martín","Capioví","10","233"
"54077010","MISIONES","Libertador Grl. San Martín","Capioví","15","12"
"54077010","MISIONES","Libertador Grl. San Martín","Capioví","20","43"
"54077010","MISIONES","Libertador Grl. San Martín","Capioví","226,5","44"
"54077015","MISIONES","Libertador Grl. San Martín","Capioviciño","226,5","6"
"54077020","MISIONES","Libertador Grl. San Martín","El Alcázar","0,5","1"
"54077020","MISIONES","Libertador Grl. San Martín","El Alcázar","226,5","21"
"54077030","MISIONES","Libertador Grl. San Martín","Garuhapé","1","81"
"54077030","MISIONES","Libertador Grl. San Martín","Garuhapé","3","172"
"54077030","MISIONES","Libertador Grl. San Martín","Garuhapé","0,5","1"
"54077030","MISIONES","Libertador Grl. San Martín","Garuhapé","6","334"
"54077030","MISIONES","Libertador Grl. San Martín","Garuhapé","10","200"
"54077030","MISIONES","Libertador Grl. San Martín","Garuhapé","15","6"
"54077030","MISIONES","Libertador Grl. San Martín","Garuhapé","20","64"
"54077030","MISIONES","Libertador Grl. San Martín","Garuhapé","226,5","23"
"54077040","MISIONES","Libertador Grl. San Martín","Mbopicuá","226,5","8"
"0","MISIONES","Libertador Grl. San Martín","Otros","226,5","8"
"54077050","MISIONES","Libertador Grl. San Martín","Puerto Leoni","1","6"
"54077050","MISIONES","Libertador Grl. San Martín","Puerto Leoni","3","18"
"54077050","MISIONES","Libertador Grl. San Martín","Puerto Leoni","5","15"
"54077050","MISIONES","Libertador Grl. San Martín","Puerto Leoni","6","20"
"54077050","MISIONES","Libertador Grl. San Martín","Puerto Leoni","7","304"
"54077050","MISIONES","Libertador Grl. San Martín","Puerto Leoni","226,5","9"
"54077060","MISIONES","Libertador Grl. San Martín","Puerto Rico","1","277"
"54077060","MISIONES","Libertador Grl. San Martín","Puerto Rico","3","699"
"54077060","MISIONES","Libertador Grl. San Martín","Puerto Rico","6","2.065"
"54077060","MISIONES","Libertador Grl. San Martín","Puerto Rico","10","1.366"
"54077060","MISIONES","Libertador Grl. San Martín","Puerto Rico","15","29"
"54077060","MISIONES","Libertador Grl. San Martín","Puerto Rico","20","582"
"54077060","MISIONES","Libertador Grl. San Martín","Puerto Rico","226,5","207"
"54077070","MISIONES","Libertador Grl. San Martín","Ruiz de Montoya","1","45"
"54077070","MISIONES","Libertador Grl. San Martín","Ruiz de Montoya","3","86"
"54077070","MISIONES","Libertador Grl. San Martín","Ruiz de Montoya","0,5","1"
"54077070","MISIONES","Libertador Grl. San Martín","Ruiz de Montoya","5","3"
"54077070","MISIONES","Libertador Grl. San Martín","Ruiz de Montoya","6","121"
"54077070","MISIONES","Libertador Grl. San Martín","Ruiz de Montoya","10","67"
"54077070","MISIONES","Libertador Grl. San Martín","Ruiz de Montoya","20","30"
"54077070","MISIONES","Libertador Grl. San Martín","Ruiz de Montoya","226,5","20"
"54077080","MISIONES","Libertador Grl. San Martín","San Alberto","226,5","10"
"54077090","MISIONES","Libertador Grl. San Martín","San Gotardo","226,5","3"
"54077100","MISIONES","Libertador Grl. San Martín","San Miguel","10","1"
"54077100","MISIONES","Libertador Grl. San Martín","San Miguel","226,5","7"
"54077110","MISIONES","Libertador Grl. San Martín","Villa Akerman","226,5","2"
"54077120","MISIONES","Libertador Grl. San Martín","Villa Urrutia","226,5","2"
"54084007","MISIONES","Montecarlo","Bario Ita","226,5","6"
"54084003","MISIONES","Montecarlo","Barrio Cuatro Bocas","226,5","1"
"54084005","MISIONES","Montecarlo","Barrio Guatambu","226,5","20"
"54084010","MISIONES","Montecarlo","Caraguatay","226,5","8"
"54084020","MISIONES","Montecarlo","Laharrague","226,5","3"
"54084030","MISIONES","Montecarlo","Montecarlo","1","23"
"54084030","MISIONES","Montecarlo","Montecarlo","3","289"
"54084030","MISIONES","Montecarlo","Montecarlo","5","4"
"54084030","MISIONES","Montecarlo","Montecarlo","6","196"
"54084030","MISIONES","Montecarlo","Montecarlo","10","870"
"54084030","MISIONES","Montecarlo","Montecarlo","15","1.707"
"54084030","MISIONES","Montecarlo","Montecarlo","20","1.099"
"54084030","MISIONES","Montecarlo","Montecarlo","25","145"
"54084030","MISIONES","Montecarlo","Montecarlo","30","67"
"54084030","MISIONES","Montecarlo","Montecarlo","40","47"
"54084030","MISIONES","Montecarlo","Montecarlo","50","1"
"54084030","MISIONES","Montecarlo","Montecarlo","60","47"
"54084030","MISIONES","Montecarlo","Montecarlo","70","1"
"54084030","MISIONES","Montecarlo","Montecarlo","80","3"
"54084030","MISIONES","Montecarlo","Montecarlo","226,5","194"
"0","MISIONES","Montecarlo","Otros","226,5","9"
"54084040","MISIONES","Montecarlo","Piray Kilómetro 18","226,5","15"
"54084050","MISIONES","Montecarlo","Puerto Piray","3","4"
"54084050","MISIONES","Montecarlo","Puerto Piray","0,5","2"
"54084050","MISIONES","Montecarlo","Puerto Piray","6","11"
"54084050","MISIONES","Montecarlo","Puerto Piray","10","150"
"54084050","MISIONES","Montecarlo","Puerto Piray","15","13"
"54084050","MISIONES","Montecarlo","Puerto Piray","20","13"
"54084050","MISIONES","Montecarlo","Puerto Piray","226,5","76"
"54084060","MISIONES","Montecarlo","Taruma","0,5","1"
"54084060","MISIONES","Montecarlo","Taruma","226,5","3"
"54084070","MISIONES","Montecarlo","Villa Parodi","226,5","21"
"54091010","MISIONES","Oberá","Alberdi","3","15"
"54091010","MISIONES","Oberá","Alberdi","5","10"
"54091010","MISIONES","Oberá","Alberdi","226,5","19"
"54091013","MISIONES","Oberá","Barrio Escuela 461","226,5","7"
"54091017","MISIONES","Oberá","Barrio Escuela 633","226,5","14"
"54091020","MISIONES","Oberá","Campo Ramón","0","15"
"54091020","MISIONES","Oberá","Campo Ramón","2","324"
"54091020","MISIONES","Oberá","Campo Ramón","3","9"
"54091020","MISIONES","Oberá","Campo Ramón","0,5","1"
"54091020","MISIONES","Oberá","Campo Ramón","5","3"
"54091020","MISIONES","Oberá","Campo Ramón","226,5","29"
"54091030","MISIONES","Oberá","Campo Viera","10","865"
"54091030","MISIONES","Oberá","Campo Viera","30","626"
"54091030","MISIONES","Oberá","Campo Viera","50","489"
"54091030","MISIONES","Oberá","Campo Viera","226,5","28"
"54091040","MISIONES","Oberá","El Salto","226,5","10"
"54091050","MISIONES","Oberá","General Alvear","3","9"
"54091050","MISIONES","Oberá","General Alvear","226,5","27"
"54091060","MISIONES","Oberá","Guaraní","4","22"
"54091060","MISIONES","Oberá","Guaraní","226,5","51"
"54091070","MISIONES","Oberá","Los Helechos","0","20"
"54091070","MISIONES","Oberá","Los Helechos","3","15"
"54091070","MISIONES","Oberá","Los Helechos","5","5"
"54091070","MISIONES","Oberá","Los Helechos","226,5","32"
"54091080","MISIONES","Oberá","Oberá","1","3"
"54091080","MISIONES","Oberá","Oberá","3","16"
"54091080","MISIONES","Oberá","Oberá","4","385"
"54091080","MISIONES","Oberá","Oberá","5","145"
"54091080","MISIONES","Oberá","Oberá","6","38"
"54091080","MISIONES","Oberá","Oberá","10","1.015"
"54091080","MISIONES","Oberá","Oberá","15","18"
"54091080","MISIONES","Oberá","Oberá","20","2.216"
"54091080","MISIONES","Oberá","Oberá","30","9"
"54091080","MISIONES","Oberá","Oberá","50","334"
"54091080","MISIONES","Oberá","Oberá","100","34"
"54091080","MISIONES","Oberá","Oberá","200","4"
"54091080","MISIONES","Oberá","Oberá","226,5","97"
"0","MISIONES","Oberá","Otros","226,5","5"
"54091090","MISIONES","Oberá","Panambí","3","18"
"54091090","MISIONES","Oberá","Panambí","5","3"
"54091090","MISIONES","Oberá","Panambí","226,5","8"
"54091100","MISIONES","Oberá","Panambí Kilómetro 8","0","50"
"54091100","MISIONES","Oberá","Panambí Kilómetro 8","3","19"
"54091100","MISIONES","Oberá","Panambí Kilómetro 8","5","5"
"54091100","MISIONES","Oberá","Panambí Kilómetro 8","226,5","3"
"54091105","MISIONES","Oberá","Panambi Kilómetro 15","0","50"
"54091105","MISIONES","Oberá","Panambi Kilómetro 15","226,5","6"
"54091110","MISIONES","Oberá","San Martín","3","6"
"54091110","MISIONES","Oberá","San Martín","5","1"
"54091110","MISIONES","Oberá","San Martín","10","1"
"54091110","MISIONES","Oberá","San Martín","226,5","7"
"54091120","MISIONES","Oberá","Villa Bonita","2","24"
"54091120","MISIONES","Oberá","Villa Bonita","3","10"
"54091120","MISIONES","Oberá","Villa Bonita","5","2"
"54091120","MISIONES","Oberá","Villa Bonita","226,5","15"
"0","MISIONES","OTROS","Otros","0","5.552"
"54098005","MISIONES","San Ignacio","Barrio Tungoil","226,5","10"
"54098010","MISIONES","San Ignacio","Colonia Polana","7","46"
"54098010","MISIONES","San Ignacio","Colonia Polana","226,5","12"
"54098020","MISIONES","San Ignacio","Corpus","5","165"
"54098020","MISIONES","San Ignacio","Corpus","6","124"
"54098020","MISIONES","San Ignacio","Corpus","7","510"
"54098020","MISIONES","San Ignacio","Corpus","226,5","17"
"54098030","MISIONES","San Ignacio","Domingo Savio","226,5","9"
"54098040","MISIONES","San Ignacio","General Urquiza","6","7"
"54098040","MISIONES","San Ignacio","General Urquiza","7","119"
"54098050","MISIONES","San Ignacio","Gobernador Roca","1","1"
"54098050","MISIONES","San Ignacio","Gobernador Roca","3","5"
"54098050","MISIONES","San Ignacio","Gobernador Roca","0,5","2"
"54098050","MISIONES","San Ignacio","Gobernador Roca","5","9"
"54098050","MISIONES","San Ignacio","Gobernador Roca","6","13"
"54098050","MISIONES","San Ignacio","Gobernador Roca","7","503"
"54098050","MISIONES","San Ignacio","Gobernador Roca","10","84"
"54098050","MISIONES","San Ignacio","Gobernador Roca","15","9"
"54098050","MISIONES","San Ignacio","Gobernador Roca","20","1"
"54098050","MISIONES","San Ignacio","Gobernador Roca","226,5","87"
"54098060","MISIONES","San Ignacio","Helvecia","7","92"
"54098060","MISIONES","San Ignacio","Helvecia","226,5","8"
"54098070","MISIONES","San Ignacio","Hipólito Yrigoyen","5","116"
"54098070","MISIONES","San Ignacio","Hipólito Yrigoyen","6","52"
"54098070","MISIONES","San Ignacio","Hipólito Yrigoyen","7","293"
"54098070","MISIONES","San Ignacio","Hipólito Yrigoyen","226,5","6"
"54098080","MISIONES","San Ignacio","Jardín América","3","24"
"54098080","MISIONES","San Ignacio","Jardín América","5","18"
"54098080","MISIONES","San Ignacio","Jardín América","6","57"
"54098080","MISIONES","San Ignacio","Jardín América","7","2.184"
"54098080","MISIONES","San Ignacio","Jardín América","10","124"
"54098080","MISIONES","San Ignacio","Jardín América","15","67"
"54098080","MISIONES","San Ignacio","Jardín América","20","1"
"54098080","MISIONES","San Ignacio","Jardín América","30","39"
"54098080","MISIONES","San Ignacio","Jardín América","45","28"
"54098080","MISIONES","San Ignacio","Jardín América","100","1.590"
"54098080","MISIONES","San Ignacio","Jardín América","150","1.008"
"54098080","MISIONES","San Ignacio","Jardín América","300","132"
"54098080","MISIONES","San Ignacio","Jardín América","226,5","32"
"54098090","MISIONES","San Ignacio","Oasis","5","18"
"54098090","MISIONES","San Ignacio","Oasis","6","11"
"54098090","MISIONES","San Ignacio","Oasis","7","185"
"54098090","MISIONES","San Ignacio","Oasis","226,5","9"
"0","MISIONES","San Ignacio","Otros","226,5","14"
"54098100","MISIONES","San Ignacio","Roca Chica","5","68"
"54098100","MISIONES","San Ignacio","Roca Chica","6","35"
"54098100","MISIONES","San Ignacio","Roca Chica","7","190"
"54098100","MISIONES","San Ignacio","Roca Chica","226,5","43"
"54098110","MISIONES","San Ignacio","San Ignacio","1","1"
"54098110","MISIONES","San Ignacio","San Ignacio","3","2"
"54098110","MISIONES","San Ignacio","San Ignacio","0,5","1"
"54098110","MISIONES","San Ignacio","San Ignacio","5","11"
"54098110","MISIONES","San Ignacio","San Ignacio","6","38"
"54098110","MISIONES","San Ignacio","San Ignacio","7","928"
"54098110","MISIONES","San Ignacio","San Ignacio","10","151"
"54098110","MISIONES","San Ignacio","San Ignacio","15","17"
"54098110","MISIONES","San Ignacio","San Ignacio","20","2"
"54098110","MISIONES","San Ignacio","San Ignacio","226,5","37"
"54098120","MISIONES","San Ignacio","Santo Pipó","1","1"
"54098120","MISIONES","San Ignacio","Santo Pipó","3","1"
"54098120","MISIONES","San Ignacio","Santo Pipó","5","17"
"54098120","MISIONES","San Ignacio","Santo Pipó","6","35"
"54098120","MISIONES","San Ignacio","Santo Pipó","7","388"
"54098120","MISIONES","San Ignacio","Santo Pipó","10","92"
"54098120","MISIONES","San Ignacio","Santo Pipó","15","8"
"54098120","MISIONES","San Ignacio","Santo Pipó","226,5","64"
"54105010","MISIONES","San Javier","Florentino Ameghino","0","60"
"54105010","MISIONES","San Javier","Florentino Ameghino","226,5","4"
"54105020","MISIONES","San Javier","Itacaruaré","2","95"
"54105020","MISIONES","San Javier","Itacaruaré","226,5","10"
"54105030","MISIONES","San Javier","Mojón Grande","0","35"
"54105030","MISIONES","San Javier","Mojón Grande","226,5","8"
"0","MISIONES","San Javier","Otros","226,5","3"
"54105040","MISIONES","San Javier","San Javier","0","40"
"54105040","MISIONES","San Javier","San Javier","2","1.302"
"54105040","MISIONES","San Javier","San Javier","3","400"
"54105040","MISIONES","San Javier","San Javier","0,5","3"
"54105040","MISIONES","San Javier","San Javier","226,5","13"
"54112010","MISIONES","San Pedro","Cruce Caballero","5","32"
"54112010","MISIONES","San Pedro","Cruce Caballero","10","5"
"54112010","MISIONES","San Pedro","Cruce Caballero","20","1"
"54112010","MISIONES","San Pedro","Cruce Caballero","226,5","11"
"0","MISIONES","San Pedro","Otros","0","15"
"0","MISIONES","San Pedro","Otros","226,5","67"
"54112020","MISIONES","San Pedro","Paraíso","0","8"
"54112020","MISIONES","San Pedro","Paraíso","5","500"
"54112020","MISIONES","San Pedro","Paraíso","10","95"
"54112020","MISIONES","San Pedro","Paraíso","226,5","19"
"54112030","MISIONES","San Pedro","Piñalito Sur","5","22"
"54112030","MISIONES","San Pedro","Piñalito Sur","10","3"
"54112030","MISIONES","San Pedro","Piñalito Sur","226,5","10"
"54112040","MISIONES","San Pedro","San Pedro","2","5"
"54112040","MISIONES","San Pedro","San Pedro","3","2"
"54112040","MISIONES","San Pedro","San Pedro","4","1"
"54112040","MISIONES","San Pedro","San Pedro","5","699"
"54112040","MISIONES","San Pedro","San Pedro","6","8"
"54112040","MISIONES","San Pedro","San Pedro","7","2"
"54112040","MISIONES","San Pedro","San Pedro","8","1"
"54112040","MISIONES","San Pedro","San Pedro","10","996"
"54112040","MISIONES","San Pedro","San Pedro","12","1"
"54112040","MISIONES","San Pedro","San Pedro","13","1"
"54112040","MISIONES","San Pedro","San Pedro","16","1"
"54112040","MISIONES","San Pedro","San Pedro","20","55"
"54112040","MISIONES","San Pedro","San Pedro","30","4"
"54112040","MISIONES","San Pedro","San Pedro","50","1"
"54112040","MISIONES","San Pedro","San Pedro","226,5","96"
"54112050","MISIONES","San Pedro","Tobuna","5","12"
"54112050","MISIONES","San Pedro","Tobuna","10","3"
"54112050","MISIONES","San Pedro","Tobuna","226,5","12"

